-- schema

CREATE TABLE ITEM (
    ID              INT PRIMARY KEY,
    TITLE           VARCHAR(250) NOT NULL,
    ALBUM_ID        VARCHAR(250) NOT NULL,
    ARTIST_ID       CHAR(8) NOT NULL,
    GENRE_ID        CHAR(8),
    PRICE           INT,
    RELEASE_DATE    DATE,
);

CREATE TABLE ALBUM (
    ID          INT PRIMARY KEY,
    TITLE       VARCHAR(250) NOT NULL,
    JACKET_IMG  VARCHAR(256),
);

CREATE TABLE ARTIST (
    ID      INT PRIMARY KEY,
    TITLE   VARCHAR(250) NOT NULL,
);

CREATE TABLE GENRE (
    ID      INT PRIMARY KEY,
    TITLE   VARCHAR(250) NOT NULL,
);

CREATE TABLE ORDER_TICKET (
    ID              INT AUTO_INCREMENT PRIMARY KEY,
    CREATED_AT      TIMESTAMP NOT NULL,
    TOTAL_PRICE     INT NOT NULL,
    CARD_NAME       VARCHAR(250) NOT NULL,
    CARD_NUMBER     VARCHAR(16) NOT NULL,
    CARD_EXPIRATION CHAR(4) NOT NULL,
);

CREATE TABLE ORDER_DETAIL (
    ID          INT AUTO_INCREMENT PRIMARY KEY,
    ORDER_ID    INT NOT NULL,
    ITEM_ID     INT NOT NULL,
);

-- data

INSERT INTO ITEM (ID, TITLE, ALBUM_ID, ARTIST_ID, GENRE_ID, PRICE, RELEASE_DATE) VALUES
(1, 'Title 1', 1, 1, 1, 300, TO_DATE('2019/01/01', 'YYYY/MM/DD')),
(2, 'Title 2', 2, 2, 1, 300, TO_DATE('2021/12/31', 'YYYY/MM/DD')),
(3, 'Title 3', 2, 2, 1, 300, TO_DATE('2019/01/01', 'YYYY/MM/DD')),
(4, 'Title 4', 1, 1, 2, 400, TO_DATE('2019/01/01', 'YYYY/MM/DD')),
(5, 'Title 5', 2, 2, 2, 300, TO_DATE('2019/02/01', 'YYYY/MM/DD')),
(6, 'Title 6', 1, 1, 3, 200, TO_DATE('2019/03/01', 'YYYY/MM/DD')),
(7, 'Title 7', 2, 2, 3, 300, TO_DATE('2019/03/01', 'YYYY/MM/DD')),
(8, 'Title 8', 1, 1, 1, 500, TO_DATE('2019/02/01', 'YYYY/MM/DD'));

INSERT INTO ALBUM (ID, TITLE, JACKET_IMG) VALUES
(1, 'Album 1', '/image/album_1.jpg'),
(2, 'Album 2', '/image/album_2.jpg');

INSERT INTO ARTIST (ID, TITLE) VALUES
(1, 'Artist 1'),
(2, 'Artist 2');

INSERT INTO GENRE (ID, TITLE) VALUES
(1, 'POP'),
(2, 'Rock'),
(3, 'R&B');
